Model,Accuracy,Weighted F1
Naive Baseline,0.5085344320188346,0.44260429805367896
Logistic Regression,0.7442613301942319,0.7401224306621749
DistilBERT,0.7904649793996469,0.7898414107414707
